Feature,Importance
bedrooms,0.5536838111598092
bathrooms,0.1444179370308554
latitude,0.07726609831507555
room_type,0.07189793907832773
accommodates,0.0661687256118017
host_total_listings_count,0.016724391054583013
longitude,0.012464108322267235
number_of_reviews,0.011936349278687754
neighbourhood_cleansed,0.0089323470457101
review_scores_rating,0.008447661144227292
minimum_nights,0.006350758723626555
zipcode,0.005786056817484935
property_type,0.004441284482420816
bed_type,0.003775225108770439
review_scores_location,0.0024092233520407913
review_scores_cleanliness,0.0021140153664352306
beds,0.0020036036896593267
review_scores_value,0.0007221668022882832
review_scores_accuracy,0.0002590390614804673
review_scores_checkin,0.00011560713432514033
review_scores_communication,8.365142012298012e-05
