Feature,Importance
bedrooms,0.4335622459538723
bathrooms,0.11730058963487162
latitude,0.10215433315445907
accommodates,0.060266111633124744
room_type,0.05496870569877461
longitude,0.04884613767070406
number_of_reviews,0.031511152555967516
host_total_listings_count,0.023222581585240164
review_scores_rating,0.021823164840126263
neighbourhood_cleansed,0.020514333507890475
minimum_nights,0.020286500948733955
zipcode,0.017530938986824864
property_type,0.014549219205761197
beds,0.009125546012236438
review_scores_location,0.0056462080576328705
review_scores_cleanliness,0.005317284910199908
bed_type,0.0043914057884407096
review_scores_value,0.004254842315934251
review_scores_accuracy,0.0023827186077135915
review_scores_checkin,0.0014261493194787048
review_scores_communication,0.000919829612012694
